{
    "per_feature": {
        "S.D.": {
            "stats": {
                "std": 1.6677569888506485, 
                "p99": 7.5120000000000005, 
                "min": 0.2, 
                "max": 7.9, 
                "average": 4.495238095238095, 
                "median": 4.9
            }, 
            "missing_impute_with_value": 4.495238095238095
        }, 
        "col_0": {
            "stats": {}
        }, 
        "Mean": {
            "stats": {
                "std": 35.69377656293071, 
                "p99": 176.1169999999999, 
                "min": 27.0, 
                "max": 180.4, 
                "average": 121.75157894736847, 
                "median": 134.95
            }, 
            "missing_impute_with_value": 121.75157894736847
        }, 
        "Mean_1": {
            "stats": {
                "std": 7.4077557203619016, 
                "p99": 49.45500000000001, 
                "min": 14.8, 
                "max": 57.5, 
                "average": 31.788709677419334, 
                "median": 32.8
            }, 
            "missing_impute_with_value": 31.788709677419334
        }, 
        "S.D._1": {
            "stats": {
                "std": 0.6093443148519803, 
                "p99": 3.1600000000000024, 
                "min": 0.6, 
                "max": 5.7, 
                "average": 1.7768817204301073, 
                "median": 1.7
            }, 
            "missing_impute_with_value": 1.7768817204301073
        }
    }, 
    "feature_order": [
        "S.D.", 
        "col_0", 
        "Mean", 
        "Mean_1", 
        "S.D._1"
    ]
}